titulo,categoria,descripcion,enlace,imagen,ubicacion,tipo,fecha_extraccion,precio,telefono,detalles,fuente
,informacion_turistica,Información turística disponible en Fontur,https://www.gov.co,https://www.fontur.com.co/sites/default/files/glazed-cms-media/gov.png?fid=2380,Caquetá,resultado_busqueda,2025-09-08T12:26:34.609449,Consultar,,,Fontur
Inicio,informacion_turistica,Información turística disponible en Fontur,https://www.fontur.com.co/es,,Caquetá,resultado_busqueda,2025-09-08T12:26:34.610450,Consultar,,,Fontur
Qué somos,informacion_turistica,Información turística disponible en Fontur,https://www.fontur.com.co/es/quienes-somos,,Caquetá,resultado_busqueda,2025-09-08T12:26:34.610450,Consultar,,,Fontur
Marco legal,informacion_turistica,Información turística disponible en Fontur,https://www.fontur.com.co/es/quienes-somos/marco-legal,,Caquetá,resultado_busqueda,2025-09-08T12:26:34.611451,Consultar,,,Fontur
Normatividad,informacion_turistica,Información turística disponible en Fontur,https://fontur.com.co/marco-normativo-del-sector-turismo,,Caquetá,resultado_busqueda,2025-09-08T12:26:34.612453,Consultar,,,Fontur
Organigrama,informacion_turistica,Información turística disponible en Fontur,https://www.fontur.com.co/es/nosotros/organigrama,,Caquetá,resultado_busqueda,2025-09-08T12:26:34.612453,Consultar,,,Fontur
Directorio personal fontur,informacion_turistica,Información turística disponible en Fontur,https://www.fontur.com.co/es/quienes-somos/directorio-de-trabajadores-fontur,,Caquetá,resultado_busqueda,2025-09-08T12:26:34.613426,Consultar,,,Fontur
Nuestros Directivos,informacion_turistica,Información turística disponible en Fontur,https://www.fontur.com.co/es/quienes-somos/nuestros-directivos-0,,Caquetá,resultado_busqueda,2025-09-08T12:26:34.613426,Consultar,,,Fontur
Comité directivo,informacion_turistica,Información turística disponible en Fontur,https://www.fontur.com.co/es/nosotros/comite-directivo,,Caquetá,resultado_busqueda,2025-09-08T12:26:34.614447,Consultar,,,Fontur
Funciones y Deberes,informacion_turistica,Información turística disponible en Fontur,https://www.fontur.com.co/es/quienes-somos/funciones-y-deberes,,Caquetá,resultado_busqueda,2025-09-08T12:26:34.614447,Consultar,,,Fontur
Modelo de gestión,informacion_turistica,Información turística disponible en Fontur,https://www.fontur.com.co/es/quienes-somos/modelo-de-gestion,,Caquetá,resultado_busqueda,2025-09-08T12:26:34.615451,Consultar,,,Fontur
Informes,informacion_turistica,Información turística disponible en Fontur,https://www.fontur.com.co/es/quienes-somos/informes,,Caquetá,resultado_busqueda,2025-09-08T12:26:34.616463,Consultar,,,Fontur
Gestión Documental,informacion_turistica,Información turística disponible en Fontur,https://www.fontur.com.co/es/quienes-somos/gestion-documental,,Caquetá,resultado_busqueda,2025-09-08T12:26:34.616463,Consultar,,,Fontur
Naturaleza jurídica,naturaleza,Información turística disponible en Fontur,https://www.fontur.com.co/es/quienes-somos/naturaleza-juridica,,Caquetá,resultado_busqueda,2025-09-08T12:26:34.617450,Consultar,,,Fontur
Objetivos y metas,informacion_turistica,Información turística disponible en Fontur,https://www.fontur.com.co/es/quienes-somos/objetivos-y-metas,,Caquetá,resultado_busqueda,2025-09-08T12:26:34.617450,Consultar,,,Fontur
Plan estratégico sectorial,proyecto,Información turística disponible en Fontur,https://www.fontur.com.co/es/quienes-somos/plan-estrategico-sectorial,,Caquetá,resultado_busqueda,2025-09-08T12:26:34.617450,Consultar,,,Fontur
Red turística de pueblos patrimonio,cultural,Información turística disponible en Fontur,https://www.fontur.com.co/es/programas/red-turistica-de-pueblos-patrimonio,,Caquetá,resultado_busqueda,2025-09-08T12:26:34.618448,Consultar,,,Fontur
Tarjeta joven Colombia,informacion_turistica,Información turística disponible en Fontur,https://www.fontur.com.co/es/programas/tarjeta-joven-colombia,,Caquetá,resultado_busqueda,2025-09-08T12:26:34.619450,Consultar,,,Fontur
Competitividad,informacion_turistica,Información turística disponible en Fontur,https://herramientas.fontur.info/fontl/listadoCompetitividad,,Caquetá,resultado_busqueda,2025-09-08T12:26:34.619985,Consultar,,,Fontur
Conoce nuestra gestión de Competitividad,informacion_turistica,Información turística disponible en Fontur,https://www.fontur.com.co/es/proyectos/banco-de-proyectos-competitividad,,Caquetá,resultado_busqueda,2025-09-08T12:26:34.619985,Consultar,,,Fontur
Infraestructura,informacion_turistica,Información turística disponible en Fontur,https://herramientas.fontur.info/fontl/listadoInfraestructura,,Caquetá,resultado_busqueda,2025-09-08T12:26:34.621016,Consultar,,,Fontur
Conoce nuestra gestión Infraestructura,informacion_turistica,Información turística disponible en Fontur,https://www.fontur.com.co/es/procesos-contractuales/banco-de-proyectos-infraestructura,,Caquetá,resultado_busqueda,2025-09-08T12:26:34.621016,Consultar,,,Fontur
Mercadeo y promoción turística,informacion_turistica,Información turística disponible en Fontur,https://herramientas.fontur.info/fontl/listadoMercadeoyPromocionTuristica,,Caquetá,resultado_busqueda,2025-09-08T12:26:34.622020,Consultar,,,Fontur
Conoce nuestra gestión de Mercadeo y Promoción Turística,informacion_turistica,Información turística disponible en Fontur,https://www.fontur.com.co/es/proyectos/banco-de-proyectos-promocion-y-mercadeo,,Caquetá,resultado_busqueda,2025-09-08T12:26:34.622020,Consultar,,,Fontur
Manuales,informacion_turistica,Información turística disponible en Fontur,https://www.fontur.com.co/es/proyectos/manuales,,Caquetá,resultado_busqueda,2025-09-08T12:26:34.623015,Consultar,,,Fontur
Documentación,informacion_turistica,Información turística disponible en Fontur,https://www.fontur.com.co/es/proyectos/documentacion,,Caquetá,resultado_busqueda,2025-09-08T12:26:34.623015,Consultar,,,Fontur
Paso a paso de formulación de proyectos,proyecto,Información turística disponible en Fontur,https://www.fontur.com.co/es/proyectos/paso-paso-de-formulacion-de-proyectos,,Caquetá,resultado_busqueda,2025-09-08T12:26:34.623991,Consultar,,,Fontur
Procesos contractuales,informacion_turistica,Información turística disponible en Fontur,https://www.fontur.com.co/es/proyectos/procesos-contractuales,,Caquetá,resultado_busqueda,2025-09-08T12:26:34.623991,Consultar,,,Fontur
Aprobación de proyectos y ejecución presupuestal,proyecto,Información turística disponible en Fontur,https://www.fontur.com.co/es/proyectos/aprobacion-de-proyectos-y-ejecucion-presupuestal,,Caquetá,resultado_busqueda,2025-09-08T12:26:34.625019,Consultar,,,Fontur
Contáctenos,informacion_turistica,Información turística disponible en Fontur,https://www.fontur.com.co/es/servicio-al-cliente/contactenos,,Caquetá,resultado_busqueda,2025-09-08T12:26:34.625019,Consultar,,,Fontur
Normativa Contribución Parafiscal,informacion_turistica,Información turística disponible en Fontur,https://www.fontur.com.co/es/contribucion-parafiscal/normativa-contribucion-parafiscal,,Caquetá,resultado_busqueda,2025-09-08T12:26:34.626018,Consultar,,,Fontur
Información General de la Contribución Parafiscal,informacion_turistica,Información turística disponible en Fontur,https://www.fontur.com.co/es/informacion-general-de-la-contribucion-parafiscal,,Caquetá,resultado_busqueda,2025-09-08T12:26:34.626018,Consultar,,,Fontur
Liquidación y pago parafiscal,informacion_turistica,Información turística disponible en Fontur,https://liquidacionypagoparafiscal.fontur.com.co/JasServer/applications/jactur/visual/jtlogin.jsp,,Caquetá,resultado_busqueda,2025-09-08T12:26:34.627016,Consultar,,,Fontur
Fechas de presentación y pago,informacion_turistica,Información turística disponible en Fontur,https://www.fontur.com.co/es/contribucion-parafiscal/fechas-de-presentacion-y-pago,,Caquetá,resultado_busqueda,2025-09-08T12:26:34.627016,Consultar,,,Fontur
Causación y liquidación de intereses moratorios,informacion_turistica,Información turística disponible en Fontur,https://www.fontur.com.co/es/contribucion-parafiscal/causacion-y-calculo-de-intereses-moratorios,,Caquetá,resultado_busqueda,2025-09-08T12:26:34.628019,Consultar,,,Fontur
Instructivo plataforma liquidación y pago,informacion_turistica,Información turística disponible en Fontur,https://www.fontur.com.co/es/contribucion-parafiscal/instructivo-plataforma-liquidacion-y-pago-parafiscal,,Caquetá,resultado_busqueda,2025-09-08T12:26:34.629018,Consultar,,,Fontur
Exención Ley 2294 de 2023,informacion_turistica,Información turística disponible en Fontur,https://www.fontur.com.co/es/exencion-ley-2294-de-2023,,Caquetá,resultado_busqueda,2025-09-08T12:26:34.629018,Consultar,,,Fontur
Preguntas Frecuentes,informacion_turistica,Información turística disponible en Fontur,https://www.fontur.com.co/es/preguntas-frecuentes,,Caquetá,resultado_busqueda,2025-09-08T12:26:34.630019,Consultar,,,Fontur
Consulta de Contratos,informacion_turistica,Información turística disponible en Fontur,https://herramientas.fontur.info/fontl/listadoContratos,,Caquetá,resultado_busqueda,2025-09-08T12:26:34.630019,Consultar,,,Fontur
Condiciones generales,informacion_turistica,Información turística disponible en Fontur,https://www.fontur.com.co/es/contratacion/condiciones-generales,,Caquetá,resultado_busqueda,2025-09-08T12:26:34.631016,Consultar,,,Fontur
Histórico de contratación,informacion_turistica,Información turística disponible en Fontur,https://www.fontur.com.co/es/contratacion/historico-de-contratacion,,Caquetá,resultado_busqueda,2025-09-08T12:26:34.631016,Consultar,,,Fontur
Manuales de contratación,informacion_turistica,Información turística disponible en Fontur,https://www.fontur.com.co/es/contratacion/manuales-de-contratacion,,Caquetá,resultado_busqueda,2025-09-08T12:26:34.631991,Consultar,,,Fontur
Objeto jurídico,informacion_turistica,Información turística disponible en Fontur,https://www.fontur.com.co/es/contratacion/objeto-juridico,,Caquetá,resultado_busqueda,2025-09-08T12:26:34.631991,Consultar,,,Fontur
Gerencia de bienes,informacion_turistica,Información turística disponible en Fontur,https://www.fontur.com.co/es/bienes/gerencia-de-bienes,,Caquetá,resultado_busqueda,2025-09-08T12:26:34.632989,Consultar,,,Fontur
Manual de contratación para la administración y venta de bienes,informacion_turistica,Información turística disponible en Fontur,https://www.fontur.com.co/es/bienes/manual-de-contratacion-para-la-administracion-y-venta-de-bienes,,Caquetá,resultado_busqueda,2025-09-08T12:26:34.632989,Consultar,,,Fontur
Presentación de bienes,informacion_turistica,Información turística disponible en Fontur,https://www.fontur.com.co/es/bienes/presentacion-de-bienes,,Caquetá,resultado_busqueda,2025-09-08T12:26:34.634021,Consultar,,,Fontur
Dirección financiera,informacion_turistica,Información turística disponible en Fontur,https://www.fontur.com.co/es/productos-y-servicios/direccion-financiera,,Caquetá,resultado_busqueda,2025-09-08T12:26:34.635018,Consultar,,,Fontur
Estudios realizados,informacion_turistica,Información turística disponible en Fontur,https://www.fontur.com.co/es/productos-y-servicios/estudios-realizados,,Caquetá,resultado_busqueda,2025-09-08T12:26:34.635018,Consultar,,,Fontur
Noticias,noticia,Información turística disponible en Fontur,https://www.fontur.com.co/es/comunicados,,Caquetá,resultado_busqueda,2025-09-08T12:26:34.636019,Consultar,,,Fontur
Artículos de interés,informacion_turistica,Información turística disponible en Fontur,https://www.fontur.com.co/es/comunicaciones/articulos-de-interes,,Caquetá,resultado_busqueda,2025-09-08T12:26:34.636019,Consultar,,,Fontur
Vídeos,informacion_turistica,Información turística disponible en Fontur,https://www.fontur.com.co/es/videos,,Caquetá,resultado_busqueda,2025-09-08T12:26:34.637016,Consultar,,,Fontur
Galerias,informacion_turistica,Información turística disponible en Fontur,https://www.fontur.com.co/es/galerias,,Caquetá,resultado_busqueda,2025-09-08T12:26:34.637016,Consultar,,,Fontur
MAPA DEL SITIO,informacion_turistica,Información turística disponible en Fontur,https://www.fontur.com.co/es/sitemap,,Caquetá,resultado_busqueda,2025-09-08T12:26:34.638020,Consultar,,,Fontur
Mapas y Cartas Descriptivas,informacion_turistica,Información turística disponible en Fontur,https://www.fontur.com.co/es/mapas-y-cartas-descriptivas,,Caquetá,resultado_busqueda,2025-09-08T12:26:34.638020,Consultar,,,Fontur
Procedimientos Toma Decisiones,informacion_turistica,Información turística disponible en Fontur,https://www.fontur.com.co/es/procedimientos-toma-decisiones,,Caquetá,resultado_busqueda,2025-09-08T12:26:34.639015,Consultar,,,Fontur
-A,informacion_turistica,Información turística disponible en Fontur,javascript:;,,Caquetá,resultado_busqueda,2025-09-08T12:26:34.640018,Consultar,,,Fontur
FONTUR,informacion_turistica,Información turística disponible en Fontur,"https://www.google.com/maps/place/FONTUR+COLOMBIA+FONDO+NACIONAL+DE+TURISMO/@4.6125658,-74.0694077,17z/data=!3m1!4b1!4m6!3m5!1s0x8e3f99a1f98ab9df:0x971e35d67c8a2591!8m2!3d4.6125658!4d-74.0694077!16s%2Fg%2F11p5p3y9yz?entry=ttu&g_ep=EgoyMDI1MDcyMC4wIKXMDSoASAFQAw%3D%3D",,Caquetá,resultado_busqueda,2025-09-08T12:26:34.644036,Consultar,,,Fontur
Inicio,proyecto,Información turística disponible en Fontur,https://www.fontur.com.co,https://www.fontur.com.co/sites/default/files/2025-07/logo_2%20%282%29.png,Caquetá,resultado_busqueda,2025-09-08T12:26:34.644990,Consultar,,,Fontur
Search,informacion_turistica,Información turística disponible en Fontur,https://www.fontur.com.co/es/search,,Caquetá,resultado_busqueda,2025-09-08T12:26:34.646019,Consultar,,,Fontur
Resultados de la búsqueda,evento,"…  colombiana con énfasis en los departamentos de Putumayo y Caquetá a través del III FICAMAZONÍA              Promocionar turísticamente los departamentos de Putumayo y Caquetá a través del III Festival Internacional de Cine y …  el impulso y reactivación económica del destino Florencia Caquetá , p",https://www.fontur.com.co/es/search/node/help,,Caquetá,resultado_busqueda,2025-09-08T12:26:34.649027,Consultar,,,Fontur
Fortalecimiento de la Promoción Y el Mercadeo Turístico,evento,"…  colombiana con énfasis en los departamentos de Putumayo y Caquetá a través del III FICAMAZONÍA              Promocionar turísticamente los departamentos de Putumayo y Caquetá a través del III Festival Internacional de Cine y …  el impulso y reactivación económica del destino Florencia Caquetá , p",http://www.fontur.com.co/es/fortalecimiento-de-la-promocion-y-el-mercadeo-turistico,,Caquetá,resultado_busqueda,2025-09-08T12:26:34.650028,Consultar,,,Fontur
"Descubre Florencia, descubre Caquetá",informacion_turistica,"Descubre Florencia, descubre Caquetá …",http://www.fontur.com.co/es/videos/descubre-florencia-descubre-caqueta,,Caquetá,resultado_busqueda,2025-09-08T12:26:34.650028,Consultar,,,Fontur
Apoyo a las Regiones,informacion_turistica,"…    
      
            
    
  
                    Arauca, Caquetá , Casanare, Córdoba, Guaviare, Huila, Meta          …              
          ARAUCA CAQUETÁ CASANARE  
        
   …",http://www.fontur.com.co/es/quienes-somos/apoyo-las-regiones,,Caquetá,resultado_busqueda,2025-09-08T12:26:34.651027,Consultar,,,Fontur
Fontur y las alcaldías de Florencia y Mocoa firmaron convenio para dar inicio al proyecto “Por los que nos cuidan”,proyecto,"…  Nacional de Turismo, Fontur y las alcaldías de Florencia ( Caquetá ) y Mocoa (Putumayo), firmaron hoy el convenio de …  Nacional de Turismo, Fontur y las alcaldías de Florencia ( Caquetá ) y Mocoa (Putumayo), firmaron hoy el convenio de …  día de hoy firmamos junto a las alcaldías de Florencia ( ",http://www.fontur.com.co/es/comunicados/fontur-y-las-alcaldias-de-florencia-y-mocoa-firmaron-convenio-para-dar-inicio-al,,Caquetá,resultado_busqueda,2025-09-08T12:26:34.651027,Consultar,,,Fontur
155 estudiantes de 10 departamentos del País de la Belleza se graduaron del Diplomado en Turismo Rural Sostenible,informacion_turistica,"…              •    Los estudiantes provienen de Boyacá, Caquetá , Casanare, Cauca, Chocó, Magdalena, Meta, Nariño, …  de beneficiarios provenientes de territorios en Boyacá, Caquetá , Casanare, Cauca, Chocó, Magdalena, Meta, Nariño, …  Guapi, Cauca; Puerto Rico y San Vicente del Caguán, en Caquetá ",http://www.fontur.com.co/es/comunicados/155-estudiantes-de-10-departamentos-del-pais-de-la-belleza-se-graduaron-del-diplomado,,Caquetá,resultado_busqueda,2025-09-08T12:26:34.651991,Consultar,,,Fontur
Conoce los recorridos de La Ruta del Desarrollo,tour,"…   

  Fecha final: 18 de enero 2018 Caquetá 27 de enero                  …",http://www.fontur.com.co/es/newsletter/conoce-los-recorridos-de-la-ruta-del-desarrollo,,Caquetá,resultado_busqueda,2025-09-08T12:26:34.651991,Consultar,,,Fontur
"La Vitrina Turística Anato 2025 cerró con éxito su edición número 44, superando los 50.000 visitantes",informacion_turistica,"…  que el ganador del mejor stand fue el departamento del Caquetá , elegido por votación del público.    

    …  turística por $80 millones.  
•      Primer lugar  : Caquetá , que recibió 16.581 votos de los asistentes al …",http://www.fontur.com.co/es/comunicados/la-vitrina-turistica-anato-2025-cerro-con-exito-su-edicion-numero-44-superando-los,,Caquetá,resultado_busqueda,2025-09-08T12:26:34.653028,Consultar,,,Fontur
"Cerca de 50.000 visitas a la Vitrina Turística Anato 2024 confirman el interés por los destinos de Colombia, #ElPaísDeLaBelleza",aventura,"…  de 46,41 % y en tercer lugar el departamento de Caquetá , con 9.511 votos y una calificación del jurado …  del próximo año.  
   
Por su parte, Buenaventura y Caquetá tendrán la financiación de planes de medios para …",http://www.fontur.com.co/es/comunicados/cerca-de-50000-visitas-la-vitrina-turistica-anato-2024-confirman-el-interes-por-los,,Caquetá,resultado_busqueda,2025-09-08T12:26:34.653028,Consultar,,,Fontur
"Gobierno nacional lanza EMPRETUR, el primer programa de estímulos, incentivos y fomento al sector turístico",proyecto,"…  Litoral Pacífico y los departamentos de Amazonas, Arauca, Caquetá , Guainía, Guaviare, Putumayo, Sucre, Vaupés y …  con operación en los departamentos de Amazonas, Arauca, Caquetá , Guainía, Guaviare, Sucre, Putumayo, Vaupés y …",http://www.fontur.com.co/es/comunicados/gobierno-nacional-lanza-empretur-el-primer-programa-de-estimulos-incentivos-y-fomento,,Caquetá,resultado_busqueda,2025-09-08T12:26:34.654029,Consultar,,,Fontur
Estudiantes de nueve comunidades indígenas se gradúan en Turismo Rural Sostenible,cultural,"…  provenientes de Amazonas, Antioquia, Boyacá, Caldas, Caquetá , Córdoba, Cundinamarca, Guaviare, Meta, Nariño, …",http://www.fontur.com.co/es/comunicados/estudiantes-de-nueve-comunidades-indigenas-se-graduan-en-turismo-rural-sostenible,,Caquetá,resultado_busqueda,2025-09-08T12:26:34.654029,Consultar,,,Fontur
Página actual1,informacion_turistica,Información turística disponible en Fontur,https://www.fontur.com.co?keys=Caquet%C3%A1&page=0%2C0%2C0%2C0%2C0%2C0%2C0,,Caquetá,resultado_busqueda,2025-09-08T12:26:34.655027,Consultar,,,Fontur
Page2,informacion_turistica,Información turística disponible en Fontur,https://www.fontur.com.co?keys=Caquet%C3%A1&page=1%2C0%2C0%2C0%2C0%2C0%2C0,,Caquetá,resultado_busqueda,2025-09-08T12:26:34.655027,Consultar,,,Fontur
Page3,informacion_turistica,Información turística disponible en Fontur,https://www.fontur.com.co?keys=Caquet%C3%A1&page=2%2C0%2C0%2C0%2C0%2C0%2C0,,Caquetá,resultado_busqueda,2025-09-08T12:26:34.656026,Consultar,,,Fontur
Page4,informacion_turistica,Información turística disponible en Fontur,https://www.fontur.com.co?keys=Caquet%C3%A1&page=3%2C0%2C0%2C0%2C0%2C0%2C0,,Caquetá,resultado_busqueda,2025-09-08T12:26:34.656026,Consultar,,,Fontur
Page5,informacion_turistica,Información turística disponible en Fontur,https://www.fontur.com.co?keys=Caquet%C3%A1&page=4%2C0%2C0%2C0%2C0%2C0%2C0,,Caquetá,resultado_busqueda,2025-09-08T12:26:34.657028,Consultar,,,Fontur
‌,informacion_turistica,Información turística disponible en Fontur,https://es-la.facebook.com/FONTURcolombia,,Caquetá,resultado_busqueda,2025-09-08T12:26:34.658026,Consultar,,,Fontur
‌,informacion_turistica,Información turística disponible en Fontur,https://x.com/fonturcol,,Caquetá,resultado_busqueda,2025-09-08T12:26:34.659028,Consultar,,,Fontur
‌,informacion_turistica,Información turística disponible en Fontur,https://www.instagram.com/fonturcol,,Caquetá,resultado_busqueda,2025-09-08T12:26:34.659028,Consultar,,,Fontur
‌,informacion_turistica,Información turística disponible en Fontur,https://www.youtube.com/user/Fonturcol,,Caquetá,resultado_busqueda,2025-09-08T12:26:34.660026,Consultar,,,Fontur
‌,informacion_turistica,Información turística disponible en Fontur,https://fontur.com.co/ubicacion,,Caquetá,resultado_busqueda,2025-09-08T12:26:34.660026,Consultar,,,Fontur
Contactenos aquí,informacion_turistica,"Carrera 7 No. 26-20 piso 7, 9 y 24 Edificio Tequendama. Contactenos aquí Nit: 900649119-9 Línea Anticorrupción: 01-800-0124211 Correo Anticorrupción: contactenos@fontur.com.co",https://www.fontur.com.co/servicio-al-cliente/contactenos,,Caquetá,resultado_busqueda,2025-09-08T12:26:34.661028,Consultar,,,Fontur
Política Protección de Datos Personales,informacion_turistica,"Horario de atención: de lunes a viernes de 8 AM a 5:00 PM - Bogotá, Colombia. Política Protección de Datos Personales Aviso de privacidad Términos y condiciones Mapa del Sitio",https://www.fontur.com.co/sites/default/files/2025-07/MGSI-002%20Manual%20de%20Proteccion%20de%20Datos%20Personales.pdf,,Caquetá,resultado_busqueda,2025-09-08T12:26:34.661991,Consultar,,,Fontur
Agenti,informacion_turistica,Información turística disponible en Fontur,https://www.agenti.com.co,,Caquetá,resultado_busqueda,2025-09-08T12:26:34.663027,Consultar,,,Fontur
Se abre con éxito la convocatoria de hoteles para el programa 'Por Los Que Nos Cuidan',hotel,"…  y Magdalena y las ciudades de Mocoa (Putumayo), Florencia ( Caquetá ) y Yopal (Casanare)”, informó Raquel Garavito …",http://www.fontur.com.co/es/comunicados/se-abre-con-exito-la-convocatoria-de-hoteles-para-el-programa-por-los-que-nos-cuidan,,Caquetá,resultado_busqueda,2025-09-08T12:26:37.526951,Consultar,,,Fontur
"El Ministerio de Comercio, Industria y Turismo, Fontur y Anato fortalecen el turismo en cinco destinos de paz a través de capacitaciones y ruedas de negocios",informacion_turistica,"…  negocios en los municipios de Acandí (Chocó), Florencia ( Caquetá ), Mesetas (Meta), Puerto Asís (Putumayo) y San …",http://www.fontur.com.co/es/comunicados/el-ministerio-de-comercio-industria-y-turismo-fontur-y-anato-fortalecen-el-turismo-en,,Caquetá,resultado_busqueda,2025-09-08T12:26:37.526951,Consultar,,,Fontur
"Mincomercio y Fontur presentan la oferta turística de los 32 departamentos del país, durante la vitrina Anato.",informacion_turistica,"…  como Amazonas, Guainía, Putumayo, Guaviare, Chocó y Caquetá .             

            Durante los tres días …",http://www.fontur.com.co/es/comunicados/mincomercio-y-fontur-presentan-la-oferta-turistica-de-los-32-departamentos-del-pais,,Caquetá,resultado_busqueda,2025-09-08T12:26:37.527994,Consultar,,,Fontur
Las regiones contarán con más de $25.000 millones para la promoción turística,informacion_turistica,"…  están Guaviare, Vaupés, Putumayo, Amazonas, Vichada, Caquetá , Guainía, San Agustín, Isnos, Inzá …",http://www.fontur.com.co/es/comunicados/las-regiones-contaran-con-mas-de-25000-millones-para-la-promocion-turistica,,Caquetá,resultado_busqueda,2025-09-08T12:26:37.527994,Consultar,,,Fontur
Víctimas del conflicto armado se gradúan del Diplomado en Turismo Rural Sostenible,informacion_turistica,"…  Santander, La Guajira, Chocó, Bolívar, Cesar, Magdalena, Caquetá , Meta, Tolima, Vichada, Valle del Cauca, …",http://www.fontur.com.co/es/comunicados/victimas-del-conflicto-armado-se-graduan-del-diplomado-en-turismo-rural-sostenible,,Caquetá,resultado_busqueda,2025-09-08T12:26:37.527994,Consultar,,,Fontur
"Firmantes de paz se articulan para consolidar la reconciliación en los territorios, a través del turismo comunitario en los Destinos de Paz",informacion_turistica,"…  de Paz provenientes de los departamentos de Bolívar, Caquetá , Cundinamarca, Guaviare, Tolima y Meta. La …",http://www.fontur.com.co/es/comunicados/firmantes-de-paz-se-articulan-para-consolidar-la-reconciliacion-en-los-territorios,,Caquetá,resultado_busqueda,2025-09-08T12:26:37.528997,Consultar,,,Fontur
"Ministerio de Comercio, Industria y Turismo y Fontur actualizarán los inventarios turísticos en 150 municipios",informacion_turistica,"…  Boyacá, Huila, Tolima, Caldas, Córdoba, Sucre, Putumayo, Caquetá , Nariño, Risaralda, Quindío, Casanare, Meta, …",http://www.fontur.com.co/es/comunicados/ministerio-de-comercio-industria-y-turismo-y-fontur-actualizaran-los-inventarios,,Caquetá,resultado_busqueda,2025-09-08T12:26:37.528997,Consultar,,,Fontur
Mincomercio y Fontur graduaron la Tercera Cohorte del Diplomado en Turismo Rural Sostenible,informacion_turistica,"…  Cundinamarca, Amazonas, Antioquia, Boyacá, Caldas, Caquetá , Casanare, Chocó, Huila, Meta, Santander, Tolima y …",http://www.fontur.com.co/es/comunicados/mincomercio-y-fontur-graduaron-la-tercera-cohorte-del-diplomado-en-turismo-rural,,Caquetá,resultado_busqueda,2025-09-08T12:26:37.529993,Consultar,,,Fontur
Gobierno del Cambio reafirma su compromiso con desarrollo del Turismo Comunitario en Choachí,informacion_turistica,"…  del turismo de Antioquia, Bogotá, Bolívar, Boyacá, Caquetá , Cundinamarca, Chocó, Magdalena, Meta, Nariño, …",http://www.fontur.com.co/es/comunicados/gobierno-del-cambio-reafirma-su-compromiso-con-desarrollo-del-turismo-comunitario-en,,Caquetá,resultado_busqueda,2025-09-08T12:26:37.529993,Consultar,,,Fontur
Primera páginafirst,informacion_turistica,Información turística disponible en Fontur,https://www.fontur.com.co?keys=Caquet%C3%A1&page=0%2C0%2C0%2C0%2C0%2C0%2C0%2C0%2C0%2C0%2C0,,Caquetá,resultado_busqueda,2025-09-08T12:26:37.530996,Consultar,,,Fontur
Página actual2,informacion_turistica,Información turística disponible en Fontur,https://www.fontur.com.co?keys=Caquet%C3%A1&page=1%2C0%2C0%2C0%2C0%2C0%2C0%2C0%2C0%2C0%2C0,,Caquetá,resultado_busqueda,2025-09-08T12:26:37.532994,Consultar,,,Fontur
Page3,informacion_turistica,Información turística disponible en Fontur,https://www.fontur.com.co?keys=Caquet%C3%A1&page=2%2C0%2C0%2C0%2C0%2C0%2C0%2C0%2C0%2C0%2C0,,Caquetá,resultado_busqueda,2025-09-08T12:26:37.532994,Consultar,,,Fontur
Page4,informacion_turistica,Información turística disponible en Fontur,https://www.fontur.com.co?keys=Caquet%C3%A1&page=3%2C0%2C0%2C0%2C0%2C0%2C0%2C0%2C0%2C0%2C0,,Caquetá,resultado_busqueda,2025-09-08T12:26:37.533993,Consultar,,,Fontur
Page5,informacion_turistica,Información turística disponible en Fontur,https://www.fontur.com.co?keys=Caquet%C3%A1&page=4%2C0%2C0%2C0%2C0%2C0%2C0%2C0%2C0%2C0%2C0,,Caquetá,resultado_busqueda,2025-09-08T12:26:37.533993,Consultar,,,Fontur
Fontur lanza la plataforma “Nos Cuidan”,informacion_turistica,…  Soledad y Sabanalarga (Atlántico); Florencia ( Caquetá ); Tunja (Boyacá); Yopal (Casanare); Mocoa …,http://www.fontur.com.co/es/comunicados/fontur-lanza-la-plataforma-nos-cuidan,,Caquetá,resultado_busqueda,2025-09-08T12:26:39.918066,Consultar,,,Fontur
Estas son las 22 iniciativas finalistas del Reto de Innovación en Turismo Comunitario Colombia,informacion_turistica,"…  Cundinamarca, Huila y Tolima); 2 del corredor Sur ( Caquetá , Nariño y Putumayo) y 2 del corredor Antioquia – …",http://www.fontur.com.co/es/comunicados/estas-son-las-22-iniciativas-finalistas-del-reto-de-innovacion-en-turismo-comunitario,,Caquetá,resultado_busqueda,2025-09-08T12:26:39.918066,Consultar,,,Fontur
"Ministerio de Comercio, Industria y Turismo y Fontur invierten $8.132 millones en proyectos que benefician agencias de viajes y prestadores turísticos",proyecto,"…  benefician a departamentos como Antioquia, Bolívar; Caquetá ; Casanare; Cesar; Chocó; Córdoba; Guainía; …",http://www.fontur.com.co/es/comunicados/ministerio-de-comercio-industria-y-turismo-y-fontur-invierten-8132-millones-en,,Caquetá,resultado_busqueda,2025-09-08T12:26:39.918066,Consultar,,,Fontur
AdventureNext Latin America 2023 permitió más de 700 negocios entre empresarios del turismo locales e internacionales,informacion_turistica,"…  conocieron la oferta de 8 empresarios de Cauca, Caquetá , Putumayo, Meta Nariño y Guaviare, destinos que …",http://www.fontur.com.co/es/comunicados/adventurenext-latin-america-2023-permitio-mas-de-700-negocios-entre-empresarios-del,,Caquetá,resultado_busqueda,2025-09-08T12:26:39.919066,Consultar,,,Fontur
"Ministerio de Comercio, Industria y Turismo aprueba 21 proyectos turísticos por más de $102.000 millones a través del Comité Directivo de Fontur",proyecto,"…  como Antioquia, Córdoba, Vichada, Vaupés, Guaviare, Caquetá , Guainía, Chocó, San Andrés y Providencia, …",http://www.fontur.com.co/es/comunicados/ministerio-de-comercio-industria-y-turismo-aprueba-21-proyectos-turisticos-por-mas-de,,Caquetá,resultado_busqueda,2025-09-08T12:26:39.919066,Consultar,,,Fontur
ABC de la línea estratégica “banco de proyectos de promoción turística”,proyecto,"…  del Guaviare, Vaupés, Putumayo, Amazonas, Vichada, Caquetá , Guainía, el Chocó biogeográfico por poseer y …",http://www.fontur.com.co/es/comunicados/abc-de-la-linea-estrategica-banco-de-proyectos-de-promocion-turistica,,Caquetá,resultado_busqueda,2025-09-08T12:26:39.920066,Consultar,,,Fontur
prueba,informacion_turistica,"…     

  
    En Timbiquí (Cauca) y San Vicente del Caguán ( Caquetá ), el agua ha sido fuente de vida y ahora también …",http://www.fontur.com.co/es/prueba-9,,Caquetá,resultado_busqueda,2025-09-08T12:26:39.920066,Consultar,,,Fontur
"Fontur firmó convenio con Caldas - Manizales, Yopal y Huila para dar inicio al proyecto",proyecto,"…  Huila y Nariño y tres con las alcaldías de Florencia ( Caquetá ), Mocoa (Putumayo) y Yopal (Casanare).  

    

  …",http://www.fontur.com.co/es/comunicados/fontur-firmo-convenio-con-caldas-manizales-yopal-y-huila-para-dar-inicio-al-proyecto,,Caquetá,resultado_busqueda,2025-09-08T12:26:39.921066,Consultar,,,Fontur
Primera páginafirst,informacion_turistica,Información turística disponible en Fontur,https://www.fontur.com.co?keys=Caquet%C3%A1&page=0%2C0%2C0%2C0%2C0%2C0%2C0%2C0%2C0%2C0,,Caquetá,resultado_busqueda,2025-09-08T12:26:39.921066,Consultar,,,Fontur
Página anteriorprevious,informacion_turistica,Información turística disponible en Fontur,https://www.fontur.com.co?keys=Caquet%C3%A1&page=1%2C0%2C0%2C0%2C0%2C0%2C0%2C0%2C0%2C0,,Caquetá,resultado_busqueda,2025-09-08T12:26:39.922066,Consultar,,,Fontur
Página actual3,informacion_turistica,Información turística disponible en Fontur,https://www.fontur.com.co?keys=Caquet%C3%A1&page=2%2C0%2C0%2C0%2C0%2C0%2C0%2C0%2C0%2C0,,Caquetá,resultado_busqueda,2025-09-08T12:26:39.924066,Consultar,,,Fontur
Page4,informacion_turistica,Información turística disponible en Fontur,https://www.fontur.com.co?keys=Caquet%C3%A1&page=3%2C0%2C0%2C0%2C0%2C0%2C0%2C0%2C0%2C0,,Caquetá,resultado_busqueda,2025-09-08T12:26:39.924066,Consultar,,,Fontur
Page5,informacion_turistica,Información turística disponible en Fontur,https://www.fontur.com.co?keys=Caquet%C3%A1&page=4%2C0%2C0%2C0%2C0%2C0%2C0%2C0%2C0%2C0,,Caquetá,resultado_busqueda,2025-09-08T12:26:39.925066,Consultar,,,Fontur
MINCOMERCIO EXPIDE Y ENTREGA LA TARJETA DE GUÍA DE TURISMO NÚMERO 6.000,tour,"…  turística de manera considerable en departamentos como Caquetá , Cauca, Valle del Cauca, San Andrés y Providencia, …",http://www.fontur.com.co/es/comunicados/mincomercio-expide-y-entrega-la-tarjeta-de-guia-de-turismo-numero-6000,,Caquetá,resultado_busqueda,2025-09-08T12:26:42.178664,Consultar,,,Fontur
"1.012 campesinos, indígenas y víctimas del conflicto se graduaron del diplomado en Turismo Rural Sostenible",cultural,"…  19  
Bolívar: 30   
Boyacá: 35  
Caldas: 22 Caquetá :35  
Casanare: 35  
Cauca: 41   
Cesar: 27   …",http://www.fontur.com.co/es/comunicados/1012-campesinos-indigenas-y-victimas-del-conflicto-se-graduaron-del-diplomado-en,,Caquetá,resultado_busqueda,2025-09-08T12:26:42.178664,Consultar,,,Fontur
"Se entregan los primeros sellos “Colombia: Destinos de Paz” a víctimas, firmantes, empresas compradoras y otros actores que construyen paz",informacion_turistica,…  La Macarena y Uribe en Meta; Doncello y Florencia en Caquetá ; San José del Guaviare en Guaviare; Corinto en …,http://www.fontur.com.co/es/comunicados/se-entregan-los-primeros-sellos-colombia-destinos-de-paz-victimas-firmantes-empresas,,Caquetá,resultado_busqueda,2025-09-08T12:26:42.179664,Consultar,,,Fontur
El sector turístico se prepara para celebrar el segundo puente festivo del año,informacion_turistica,"…  destinos no tradicionales como Guaviare, Putumayo, Chocó y Caquetá . “Son departamentos en donde se puede disfrutar …",http://www.fontur.com.co/es/comunicados/el-sector-turistico-se-prepara-para-celebrar-el-segundo-puente-festivo-del-ano,,Caquetá,resultado_busqueda,2025-09-08T12:26:42.179664,Consultar,,,Fontur
"En el Día Mundial del Turismo, el Ministerio de Comercio, Industria y Turismo y Fontur lanzan InnovaT360º en 10 ciudades del país",informacion_turistica,"…  de la Cámara de Comercio de Casanare  
7. Florencia, Caquetá : Arquidiócesis de Florencia  
8. Bucaramanga, …",http://www.fontur.com.co/es/comunicados/en-el-dia-mundial-del-turismo-el-ministerio-de-comercio-industria-y-turismo-y-fontur,,Caquetá,resultado_busqueda,2025-09-08T12:26:42.179664,Consultar,,,Fontur
El festival internacional de música sacra llega a los territorios turísticos de paz,evento,"…  de María, Bolívar.  
13 de enero de 2024: Florencia, Caquetá .  
20 de enero de 2024: Cali - Barrió Siloé.  
27 …",http://www.fontur.com.co/es/comunicados/el-festival-internacional-de-musica-sacra-llega-los-territorios-turisticos-de-paz,,Caquetá,resultado_busqueda,2025-09-08T12:26:42.180665,Consultar,,,Fontur
El Gobierno del Cambio ha invertido más de $67.000 millones en desarrollo turístico de los municipios PDET,informacion_turistica,"…  con esta inversión son: Antioquia, Arauca, Bolívar, Caquetá , Cauca, Cesar, Chocó, Córdoba, La Guajira, …",http://www.fontur.com.co/es/comunicados/el-gobierno-del-cambio-ha-invertido-mas-de-67000-millones-en-desarrollo-turistico-de,,Caquetá,resultado_busqueda,2025-09-08T12:26:42.180665,Consultar,,,Fontur
FONTUR Y COTECMAR FIRMAN CONTRATO PARA LA CONSTRUCCIÓN E INSTALACIÓN DE 88 EMBARCADEROS TURÍSTICOS EN EL PAÍS,informacion_turistica,"…  como el Atrato, Cauca, Guaviare, Putumayo, Sinú Casanare, Caquetá , Vaupés, Orinoco, entre otros; en 4 ciénagas …",http://www.fontur.com.co/es/comunicados/fontur-y-cotecmar-firman-contrato-para-la-construccion-e-instalacion-de-88-embarcaderos,,Caquetá,resultado_busqueda,2025-09-08T12:26:42.181664,Consultar,,,Fontur
"Este es el ambicioso plan de infraestructura turística del Ministerio de Comercio, Industria y Turismo, adjudicado a través de Fontur en 2023",proyecto,"…  Antioquia, Arauca, Atlántico, Bolívar, Boyacá, Caldas, Caquetá , Cauca, Cesar, Chocó, Córdoba, Cundinamarca, …",http://www.fontur.com.co/es/comunicados/este-es-el-ambicioso-plan-de-infraestructura-turistica-del-ministerio-de-comercio,,Caquetá,resultado_busqueda,2025-09-08T12:26:42.181664,Consultar,,,Fontur
Gobierno nacional celebra Día Mundial del Turismo con positivo balance de su estrategia 'Turismo por una Cultura de Paz’,tour,"…  de Capacitación y Reincorporación), en La Montañita, Caquetá , se hizo un recorrido, guiado por los firmantes del …",http://www.fontur.com.co/es/comunicados/gobierno-nacional-celebra-dia-mundial-del-turismo-con-positivo-balance-de-su-estrategia,,Caquetá,resultado_busqueda,2025-09-08T12:26:42.182664,Consultar,,,Fontur
Regiones fueron las grandes protagonistas del turismo en la vitrina Anato 2023,proyecto,"…  proyectos ecoturísticos en los departamentos de Caquetá , Guaviare y Meta; y a líderes regionales pioneros …",http://www.fontur.com.co/es/comunicados/regiones-fueron-las-grandes-protagonistas-del-turismo-en-la-vitrina-anato-2023,,Caquetá,resultado_busqueda,2025-09-08T12:26:44.555128,Consultar,,,Fontur
Primera páginafirst,informacion_turistica,Información turística disponible en Fontur,https://www.fontur.com.co?keys=Caquet%C3%A1&page=0%2C0,,Caquetá,resultado_busqueda,2025-09-08T12:26:44.555128,Consultar,,,Fontur
Página anteriorprevious,informacion_turistica,Información turística disponible en Fontur,https://www.fontur.com.co?keys=Caquet%C3%A1&page=3%2C0,,Caquetá,resultado_busqueda,2025-09-08T12:26:44.556128,Consultar,,,Fontur
Page2,informacion_turistica,Información turística disponible en Fontur,https://www.fontur.com.co?keys=Caquet%C3%A1&page=1%2C0,,Caquetá,resultado_busqueda,2025-09-08T12:26:44.557132,Consultar,,,Fontur
Page3,informacion_turistica,Información turística disponible en Fontur,https://www.fontur.com.co?keys=Caquet%C3%A1&page=2%2C0,,Caquetá,resultado_busqueda,2025-09-08T12:26:44.557132,Consultar,,,Fontur
Página actual5,informacion_turistica,Información turística disponible en Fontur,https://www.fontur.com.co?keys=Caquet%C3%A1&page=4%2C0,,Caquetá,resultado_busqueda,2025-09-08T12:26:44.558133,Consultar,,,Fontur
Noticias,proyecto,Comunicados,http://www.revistafontur.com,https://www.fontur.com.co/sites/default/files/glazed-cms-media/banner_web_tercera_edicion_revista_fontur_final_11zon.jpg?fid=7432,Caquetá,resultado_busqueda,2025-09-08T12:26:50.437748,Consultar,,,Fontur
Página actual1,informacion_turistica,Información turística disponible en Fontur,https://www.fontur.com.co?keys=caquet%C3%A1&page=0%2C0%2C0%2C0%2C0%2C0%2C0,,Caquetá,resultado_busqueda,2025-09-08T12:28:02.779986,Consultar,,,Fontur
Page2,informacion_turistica,Información turística disponible en Fontur,https://www.fontur.com.co?keys=caquet%C3%A1&page=1%2C0%2C0%2C0%2C0%2C0%2C0,,Caquetá,resultado_busqueda,2025-09-08T12:28:02.779986,Consultar,,,Fontur
Page3,informacion_turistica,Información turística disponible en Fontur,https://www.fontur.com.co?keys=caquet%C3%A1&page=2%2C0%2C0%2C0%2C0%2C0%2C0,,Caquetá,resultado_busqueda,2025-09-08T12:28:02.780986,Consultar,,,Fontur
Page4,informacion_turistica,Información turística disponible en Fontur,https://www.fontur.com.co?keys=caquet%C3%A1&page=3%2C0%2C0%2C0%2C0%2C0%2C0,,Caquetá,resultado_busqueda,2025-09-08T12:28:02.782023,Consultar,,,Fontur
Page5,informacion_turistica,Información turística disponible en Fontur,https://www.fontur.com.co?keys=caquet%C3%A1&page=4%2C0%2C0%2C0%2C0%2C0%2C0,,Caquetá,resultado_busqueda,2025-09-08T12:28:02.782023,Consultar,,,Fontur
Primera páginafirst,informacion_turistica,Información turística disponible en Fontur,https://www.fontur.com.co?keys=caquet%C3%A1&page=0%2C0%2C0%2C0%2C0%2C0%2C0%2C0%2C0%2C0%2C0,,Caquetá,resultado_busqueda,2025-09-08T12:28:06.100384,Consultar,,,Fontur
Página actual2,informacion_turistica,Información turística disponible en Fontur,https://www.fontur.com.co?keys=caquet%C3%A1&page=1%2C0%2C0%2C0%2C0%2C0%2C0%2C0%2C0%2C0%2C0,,Caquetá,resultado_busqueda,2025-09-08T12:28:06.102384,Consultar,,,Fontur
Page3,informacion_turistica,Información turística disponible en Fontur,https://www.fontur.com.co?keys=caquet%C3%A1&page=2%2C0%2C0%2C0%2C0%2C0%2C0%2C0%2C0%2C0%2C0,,Caquetá,resultado_busqueda,2025-09-08T12:28:06.102384,Consultar,,,Fontur
Page4,informacion_turistica,Información turística disponible en Fontur,https://www.fontur.com.co?keys=caquet%C3%A1&page=3%2C0%2C0%2C0%2C0%2C0%2C0%2C0%2C0%2C0%2C0,,Caquetá,resultado_busqueda,2025-09-08T12:28:06.103384,Consultar,,,Fontur
Page5,informacion_turistica,Información turística disponible en Fontur,https://www.fontur.com.co?keys=caquet%C3%A1&page=4%2C0%2C0%2C0%2C0%2C0%2C0%2C0%2C0%2C0%2C0,,Caquetá,resultado_busqueda,2025-09-08T12:28:06.103384,Consultar,,,Fontur
Primera páginafirst,informacion_turistica,Información turística disponible en Fontur,https://www.fontur.com.co?keys=caquet%C3%A1&page=0%2C0%2C0%2C0%2C0%2C0%2C0%2C0%2C0%2C0,,Caquetá,resultado_busqueda,2025-09-08T12:28:08.541638,Consultar,,,Fontur
Página anteriorprevious,informacion_turistica,Información turística disponible en Fontur,https://www.fontur.com.co?keys=caquet%C3%A1&page=1%2C0%2C0%2C0%2C0%2C0%2C0%2C0%2C0%2C0,,Caquetá,resultado_busqueda,2025-09-08T12:28:08.541638,Consultar,,,Fontur
Página actual3,informacion_turistica,Información turística disponible en Fontur,https://www.fontur.com.co?keys=caquet%C3%A1&page=2%2C0%2C0%2C0%2C0%2C0%2C0%2C0%2C0%2C0,,Caquetá,resultado_busqueda,2025-09-08T12:28:08.543639,Consultar,,,Fontur
Page4,informacion_turistica,Información turística disponible en Fontur,https://www.fontur.com.co?keys=caquet%C3%A1&page=3%2C0%2C0%2C0%2C0%2C0%2C0%2C0%2C0%2C0,,Caquetá,resultado_busqueda,2025-09-08T12:28:08.543639,Consultar,,,Fontur
Page5,informacion_turistica,Información turística disponible en Fontur,https://www.fontur.com.co?keys=caquet%C3%A1&page=4%2C0%2C0%2C0%2C0%2C0%2C0%2C0%2C0%2C0,,Caquetá,resultado_busqueda,2025-09-08T12:28:08.544641,Consultar,,,Fontur
Primera páginafirst,informacion_turistica,Información turística disponible en Fontur,https://www.fontur.com.co?keys=caquet%C3%A1&page=0%2C0,,Caquetá,resultado_busqueda,2025-09-08T12:28:13.307414,Consultar,,,Fontur
Página anteriorprevious,informacion_turistica,Información turística disponible en Fontur,https://www.fontur.com.co?keys=caquet%C3%A1&page=3%2C0,,Caquetá,resultado_busqueda,2025-09-08T12:28:13.307414,Consultar,,,Fontur
Page2,informacion_turistica,Información turística disponible en Fontur,https://www.fontur.com.co?keys=caquet%C3%A1&page=1%2C0,,Caquetá,resultado_busqueda,2025-09-08T12:28:13.309411,Consultar,,,Fontur
Page3,informacion_turistica,Información turística disponible en Fontur,https://www.fontur.com.co?keys=caquet%C3%A1&page=2%2C0,,Caquetá,resultado_busqueda,2025-09-08T12:28:13.309411,Consultar,,,Fontur
Página actual5,informacion_turistica,Información turística disponible en Fontur,https://www.fontur.com.co?keys=caquet%C3%A1&page=4%2C0,,Caquetá,resultado_busqueda,2025-09-08T12:28:13.310410,Consultar,,,Fontur
Más de 3.200 clientes recibió en su primer fin de semana el Festival Alimentarte,evento,"…  productores de los departamentos de Putumayo, Guaviare y Caquetá .  

  “Desde el Ministerio de Comercio, Industria …",http://www.fontur.com.co/es/comunicados/mas-de-3200-clientes-recibio-en-su-primer-fin-de-semana-el-festival-alimentarte,,Caquetá,resultado_busqueda,2025-09-08T12:29:31.830187,Consultar,,,Fontur
Página actual1,informacion_turistica,Información turística disponible en Fontur,https://www.fontur.com.co?keys=caqueta&page=0%2C0%2C0%2C0%2C0%2C0%2C0,,Caquetá,resultado_busqueda,2025-09-08T12:29:31.830187,Consultar,,,Fontur
Page2,informacion_turistica,Información turística disponible en Fontur,https://www.fontur.com.co?keys=caqueta&page=1%2C0%2C0%2C0%2C0%2C0%2C0,,Caquetá,resultado_busqueda,2025-09-08T12:29:31.831187,Consultar,,,Fontur
Page3,informacion_turistica,Información turística disponible en Fontur,https://www.fontur.com.co?keys=caqueta&page=2%2C0%2C0%2C0%2C0%2C0%2C0,,Caquetá,resultado_busqueda,2025-09-08T12:29:31.831187,Consultar,,,Fontur
Page4,informacion_turistica,Información turística disponible en Fontur,https://www.fontur.com.co?keys=caqueta&page=3%2C0%2C0%2C0%2C0%2C0%2C0,,Caquetá,resultado_busqueda,2025-09-08T12:29:31.832187,Consultar,,,Fontur
Page5,informacion_turistica,Información turística disponible en Fontur,https://www.fontur.com.co?keys=caqueta&page=4%2C0%2C0%2C0%2C0%2C0%2C0,,Caquetá,resultado_busqueda,2025-09-08T12:29:31.832187,Consultar,,,Fontur
Primera páginafirst,informacion_turistica,Información turística disponible en Fontur,https://www.fontur.com.co?keys=caqueta&page=0%2C0%2C0%2C0%2C0%2C0%2C0%2C0%2C0%2C0%2C0,,Caquetá,resultado_busqueda,2025-09-08T12:29:34.814232,Consultar,,,Fontur
Página actual2,informacion_turistica,Información turística disponible en Fontur,https://www.fontur.com.co?keys=caqueta&page=1%2C0%2C0%2C0%2C0%2C0%2C0%2C0%2C0%2C0%2C0,,Caquetá,resultado_busqueda,2025-09-08T12:29:34.815234,Consultar,,,Fontur
Page3,informacion_turistica,Información turística disponible en Fontur,https://www.fontur.com.co?keys=caqueta&page=2%2C0%2C0%2C0%2C0%2C0%2C0%2C0%2C0%2C0%2C0,,Caquetá,resultado_busqueda,2025-09-08T12:29:34.816233,Consultar,,,Fontur
Page4,informacion_turistica,Información turística disponible en Fontur,https://www.fontur.com.co?keys=caqueta&page=3%2C0%2C0%2C0%2C0%2C0%2C0%2C0%2C0%2C0%2C0,,Caquetá,resultado_busqueda,2025-09-08T12:29:34.816233,Consultar,,,Fontur
Page5,informacion_turistica,Información turística disponible en Fontur,https://www.fontur.com.co?keys=caqueta&page=4%2C0%2C0%2C0%2C0%2C0%2C0%2C0%2C0%2C0%2C0,,Caquetá,resultado_busqueda,2025-09-08T12:29:34.817195,Consultar,,,Fontur
Primera páginafirst,informacion_turistica,Información turística disponible en Fontur,https://www.fontur.com.co?keys=caqueta&page=0%2C0%2C0%2C0%2C0%2C0%2C0%2C0%2C0%2C0,,Caquetá,resultado_busqueda,2025-09-08T12:29:37.720562,Consultar,,,Fontur
Página anteriorprevious,informacion_turistica,Información turística disponible en Fontur,https://www.fontur.com.co?keys=caqueta&page=1%2C0%2C0%2C0%2C0%2C0%2C0%2C0%2C0%2C0,,Caquetá,resultado_busqueda,2025-09-08T12:29:37.721106,Consultar,,,Fontur
Página actual3,informacion_turistica,Información turística disponible en Fontur,https://www.fontur.com.co?keys=caqueta&page=2%2C0%2C0%2C0%2C0%2C0%2C0%2C0%2C0%2C0,,Caquetá,resultado_busqueda,2025-09-08T12:29:37.722148,Consultar,,,Fontur
Page4,informacion_turistica,Información turística disponible en Fontur,https://www.fontur.com.co?keys=caqueta&page=3%2C0%2C0%2C0%2C0%2C0%2C0%2C0%2C0%2C0,,Caquetá,resultado_busqueda,2025-09-08T12:29:37.723149,Consultar,,,Fontur
Page5,informacion_turistica,Información turística disponible en Fontur,https://www.fontur.com.co?keys=caqueta&page=4%2C0%2C0%2C0%2C0%2C0%2C0%2C0%2C0%2C0,,Caquetá,resultado_busqueda,2025-09-08T12:29:37.723149,Consultar,,,Fontur
Primera páginafirst,informacion_turistica,Información turística disponible en Fontur,https://www.fontur.com.co?keys=caqueta&page=0%2C0,,Caquetá,resultado_busqueda,2025-09-08T12:29:42.960729,Consultar,,,Fontur
Página anteriorprevious,informacion_turistica,Información turística disponible en Fontur,https://www.fontur.com.co?keys=caqueta&page=3%2C0,,Caquetá,resultado_busqueda,2025-09-08T12:29:42.961730,Consultar,,,Fontur
Page2,informacion_turistica,Información turística disponible en Fontur,https://www.fontur.com.co?keys=caqueta&page=1%2C0,,Caquetá,resultado_busqueda,2025-09-08T12:29:42.962731,Consultar,,,Fontur
Page3,informacion_turistica,Información turística disponible en Fontur,https://www.fontur.com.co?keys=caqueta&page=2%2C0,,Caquetá,resultado_busqueda,2025-09-08T12:29:42.962731,Consultar,,,Fontur
Página actual5,informacion_turistica,Información turística disponible en Fontur,https://www.fontur.com.co?keys=caqueta&page=4%2C0,,Caquetá,resultado_busqueda,2025-09-08T12:29:42.963730,Consultar,,,Fontur
,cultural,"Es una iniciativa del Ministerio de Comercio Industria y Turismo, con el apoyo de Ministerio de Cultura y ejecutada por el Fondo Nacional de Turismo, que busca potenciar el patrimonio cultural colombiano, material e inmaterial (usos, representaciones, expresiones, conocimientos y técnicas transmitid",https://www.fontur.com.co/sites/default/files/2020-12/GUIA_PUEBLOS_PATRIMONIO.pdf,https://www.fontur.com.co/sites/default/files/dxpr_builder_images/1.png,Caquetá,resultado_busqueda,2025-09-08T12:38:01.933347,Consultar,,,Fontur
"Leticia, conoce su riqueza natural y cultural",naturaleza,"…  visitar parques y reservas naturales como   Amacayacu, Chiribiquete y Nukak  . No en vano, esta región es …",http://www.fontur.com.co/es/comunicados/leticia-conoce-su-riqueza-natural-y-cultural,,Caquetá,resultado_busqueda,2025-09-08T12:39:46.069355,Consultar,,,Fontur
"Neiva, la principal arteria fluvial de Colombia",informacion_turistica,"…  comercial entre ciudades como   Bogotá, Popayán, Mocoa, Florencia y Pasto.    

    
  
    Conozcamos Neiva    

  …",http://www.fontur.com.co/es/neiva-la-principal-arteria-fluvial-de-colombia,,Caquetá,resultado_busqueda,2025-09-08T12:46:50.655466,Consultar,,,Fontur
En el municipio de Arauca se llevó a cabo la primer Jornada de Capacitación en Turismo Accesible,informacion_turistica,"…  del sector.  

  Leticia, Barranquilla, Tunja, Manizales, Florencia , Yopal, Popayán, Valledupar, Quibdó, Montería, …",http://www.fontur.com.co/es/asi-trabajamos-con-las-regiones/en-el-municipio-de-arauca-se-llevo-cabo-la-primer-jornada-de,,Caquetá,resultado_busqueda,2025-09-08T12:46:50.657466,Consultar,,,Fontur
Eventos apoyados por Fontur 2019,evento,"…     
		  
		  
			  Activación misión comercial Caquetá, Florencia Cali, Valle del Cauca  
			  9 de junio   …",http://www.fontur.com.co/es/eventos/eventos-apoyados-por-fontur-2019,,Caquetá,resultado_busqueda,2025-09-08T12:46:50.657466,Consultar,,,Fontur
"Ministerio de Comercio, Industria y Turismo lanza la estrategia de innovación y transformación digital “Turismo 4.0 para todos”",proyecto,"…   

  La estrategia, lanzada desde Armenia, Bucaramanga, Florencia , Inírida, Montería, Popayán, Quibdó, San …",http://www.fontur.com.co/es/comunicados/ministerio-de-comercio-industria-y-turismo-lanza-la-estrategia-de-innovacion-y,,Caquetá,resultado_busqueda,2025-09-08T12:46:50.658465,Consultar,,,Fontur
Página actual1,informacion_turistica,Información turística disponible en Fontur,https://www.fontur.com.co?keys=florencia&page=0%2C0%2C0%2C0%2C0%2C0%2C0,,Caquetá,resultado_busqueda,2025-09-08T12:46:50.658465,Consultar,,,Fontur
Page2,informacion_turistica,Información turística disponible en Fontur,https://www.fontur.com.co?keys=florencia&page=1%2C0%2C0%2C0%2C0%2C0%2C0,,Caquetá,resultado_busqueda,2025-09-08T12:46:50.659465,Consultar,,,Fontur
"La primera cohorte de 2025 del diplomado de MinCIT, Fontur y Fundación Panaca se graduó en Turismo Rural Sostenible",informacion_turistica,"…  Samaniego, Balboa, Cajibío, Caldono, Corinto, El Tambo, Florencia , Guapi, Miranda, Mercaderes, Piamonte, Patía, …",http://www.fontur.com.co/es/comunicados/la-primera-cohorte-de-2025-del-diplomado-de-mincit-fontur-y-fundacion-panaca-se-graduo,,Caquetá,resultado_busqueda,2025-09-08T12:46:53.132849,Consultar,,,Fontur
"La Organización Mundial del Turismo (OMT) y el Ministerio de Comercio, Industria y Turismo de Colombia impulsan la innovación en turismo comunitario",informacion_turistica,"…  San Andrés y Providencia, Montería, Armenia, Yopal, Florencia , Bucaramanga, Inírida y Tunja.  
   
   …",http://www.fontur.com.co/es/comunicados/la-organizacion-mundial-del-turismo-omt-y-el-ministerio-de-comercio-industria-y-turismo,,Caquetá,resultado_busqueda,2025-09-08T12:46:53.133813,Consultar,,,Fontur
Inicio EN,informacion_turistica,"…   
          


    
    
      
        
            Bahía Solano , un rincón ideal para detenerse y explorar          
      
    
  
  
        Bahía Solano , un rincón ideal para detenerse y explorar      


  …   
          


    
    
      
        
            Bahía Solano Bahía Solano …",http://www.fontur.com.co/es/inicio-en,,Caquetá,resultado_busqueda,2025-09-08T12:48:21.388974,Consultar,,,Fontur
Bahía Solano,informacion_turistica,"Bahía Solano …  aguas del Pacífico colombiano dan refugio a Bahía Solano , un rincón ideal para detenerse y explorar todo lo …  esperan ser exploradas.  

  Los alrededores de Bahía Solano nunca decepcionan, sin importar el rumbo por el que …",http://www.fontur.com.co/es/bahia-solano,,Caquetá,resultado_busqueda,2025-09-08T12:48:21.389977,Consultar,,,Fontur
"Fontur y Satena inauguraron 4 nuevas rutas hacia Acandí, Condoto, Quibdó y Bahía Solano",proyecto,"…  4 nuevas rutas hacia Acandí, Condoto, Quibdó y Bahía Solano …  y martes, miércoles y jueves entre Quibdó y Bahía Solano .⁠    

    * Las aeronaves disponibles para estas …  y Condoto, y 114 para los vuelos entre Quibdó y Bahía Solano .    

    * En el marco de la estrategia Colombia, el …",http://www.fontur.com.co/es/comunicados/fontur-y-satena-inauguraron-4-nuevas-rutas-hacia-acandi-condoto-quibdo-y-bahia-solano,,Caquetá,resultado_busqueda,2025-09-08T12:48:21.389977,Consultar,,,Fontur
"Bahía Solano un tesoro inolvidable de Colombia, El País de la Belleza",informacion_turistica,"Bahía Solano un tesoro inolvidable de Colombia, El País de la …   

    

    Hay encantos en cada rincón de Bahía Solano En Ciudad Mutis, la cabecera …",http://www.fontur.com.co/es/comunicados/bahia-solano-un-tesoro-inolvidable-de-colombia-el-pais-de-la-belleza,,Caquetá,resultado_busqueda,2025-09-08T12:48:21.390976,Consultar,,,Fontur
"Bahía Solano, un rincón ideal para detenerse y explorar",informacion_turistica,"Bahía Solano , un rincón ideal para detenerse y explorar  
    

  …  aguas del Pacífico colombiano dan refugio a Bahía Solano , un rincón ideal para detenerse y explorar todo lo …  vírgenes esperan ser exploradas.  

  El encanto de Bahía Solano es tal que, además de cautivar a los viajeros, atrae ",http://www.fontur.com.co/es/bahia-solano-un-rincon-ideal-para-detenerse-y-explorar,,Caquetá,resultado_busqueda,2025-09-08T12:48:21.390976,Consultar,,,Fontur
EL PAÍS DE LA BELLEZA,informacion_turistica,"…  cultura.      Leer más…      
 

    

      Bahía Solano un tesoro inolvidable de Colombia, El País de la …",http://www.fontur.com.co/es/comunicados/el-pais-de-la-belleza,,Caquetá,resultado_busqueda,2025-09-08T12:48:21.391974,Consultar,,,Fontur
Colombia El País de la Belleza1,informacion_turistica,"…     

          Leer más…          

        Bahía Solano un tesoro inolvidable de Colombia, El País de la …",http://www.fontur.com.co/es/colombia-el-pais-de-la-belleza1,,Caquetá,resultado_busqueda,2025-09-08T12:48:21.391974,Consultar,,,Fontur
SATENA inaugura nueve rutas regionales para fortalecer la conectividad en el occidente del país,informacion_turistica,"…  Guapi, Neiva, San Vicente del Caguán, Condoto, Bahía Solano , Nuquí, Pitalito y Cali, facilitando el transporte …  Guapi, Neiva, San Vicente del Caguán, Condoto, Bahía Solano , Nuquí, Pitalito y Cali, facilitando la movilidad …  añadirán los siguientes vuelos:    
   
● Cali-Bahía Solano : Martes",http://www.fontur.com.co/es/comunicados/satena-inaugura-nueve-rutas-regionales-para-fortalecer-la-conectividad-en-el-occidente,,Caquetá,resultado_busqueda,2025-09-08T12:48:21.393941,Consultar,,,Fontur
210 líderes serán capacitados para la formalización de la Ruta del Viche como bebida ancestral,aventura,"…                          
                • Nuquí, Bahía Solano , Quibdó, Buenaventura, Cali, Guapi y Tumaco son los …  competitividad turística en destinos como Nuquí, Bahía Solano y Quibdó, Chocó; Buenaventura y Cali, en Valle del …",http://www.fontur.com.co/es/comunicados/210-lideres-seran-capacitados-para-la-formalizacion-de-la-ruta-del-viche-como-bebida,,Caquetá,resultado_busqueda,2025-09-08T12:48:21.393941,Consultar,,,Fontur
Página actual1,informacion_turistica,Información turística disponible en Fontur,https://www.fontur.com.co?keys=solano&page=0%2C0%2C0%2C0%2C0%2C0,,Caquetá,resultado_busqueda,2025-09-08T12:48:21.394942,Consultar,,,Fontur
Page2,informacion_turistica,Información turística disponible en Fontur,https://www.fontur.com.co?keys=solano&page=1%2C0%2C0%2C0%2C0%2C0,,Caquetá,resultado_busqueda,2025-09-08T12:48:21.395941,Consultar,,,Fontur
Page3,informacion_turistica,Información turística disponible en Fontur,https://www.fontur.com.co?keys=solano&page=2%2C0%2C0%2C0%2C0%2C0,,Caquetá,resultado_busqueda,2025-09-08T12:48:21.395941,Consultar,,,Fontur
Fontur promueve los atractivos turísticos del Pacífico en temporada vacaciones de mitad de año,aventura,"…  Esta ruta incluye los municipios de Quibdó, Bahía Solano , Tumaco, Buenaventura entre otros.  
   
• La señalética turística en los aeropuertos de Bahía Solano y Nuquí para promover los atractivos de cada …",http://www.fontur.com.co/es/comunicados/fontur-promueve-los-atractivos-turisticos-del-pacifico-en-temporada-vacaciones-de-mitad,,Caquetá,resultado_busqueda,2025-09-08T12:48:24.013896,Consultar,,,Fontur
La Ruta del Viche: el alma ancestral del Pacífico colombiano,tour,"…  recorrido que habla de su gente    

  En Nuquí y Bahía Solano , las playas de arena negra y los alambiques …",http://www.fontur.com.co/es/la-ruta-del-viche-el-alma-ancestral-del-pacifico-colombiano,,Caquetá,resultado_busqueda,2025-09-08T12:48:24.013896,Consultar,,,Fontur
La Magia de Bajo Baudó que lo hace un paraíso inolvidable,informacion_turistica,"…  Desde la ciudad de Quibdó, puedes tomar vuelo hasta Bahía Solano o Nuquí.   
Desde allí, un viaje en lancha te …",http://www.fontur.com.co/es/comunicados/la-magia-de-bajo-baudo-que-lo-hace-un-paraiso-inolvidable,,Caquetá,resultado_busqueda,2025-09-08T12:48:24.014905,Consultar,,,Fontur
La Ruta del Viche: el alma ancestral del Pacífico colombiano,tour,"…   Un recorrido que habla de su gente  

  En Nuquí y Bahía Solano , las playas de arena negra y los alambiques …",http://www.fontur.com.co/es/comunicados/la-ruta-del-viche-el-alma-ancestral-del-pacifico-colombiano-0,,Caquetá,resultado_busqueda,2025-09-08T12:48:24.014905,Consultar,,,Fontur
Mejoramiento de la Competitividad Turística,informacion_turistica,"…  Haciendo""    Aguazul, Agustín Codazzi, Arauca, Bahía Solano , Barrcabermeja, Bogotá, Cajibío, Coyaima, Cumbal, …",http://www.fontur.com.co/es/mejoramiento-de-la-competitividad-turistica,,Caquetá,resultado_busqueda,2025-09-08T12:48:24.015897,Consultar,,,Fontur
Las maravillas turísticas e inolvidables de Juradó en el Chocó,informacion_turistica,"…  tomar un vuelo desde Medellín o Quibdó hasta Bahía Solano . Desde allí, tomar un bote o una avioneta hasta …",http://www.fontur.com.co/es/comunicados/las-maravillas-turisticas-e-inolvidables-de-jurado-en-el-choco,,Caquetá,resultado_busqueda,2025-09-08T12:48:24.015897,Consultar,,,Fontur
"Anato estima que durante la Semana Santa se movilizarán cerca de 1,2 millones de pasajeros en vuelos nacionales e internacionales",informacion_turistica,"…  turismo en destinos de gran potencial como Amazonas, Bahía Solano , Capurganá, Tolú y Coveñas, Huila, Nariño, Puerto …",http://www.fontur.com.co/es/comunicados/anato-estima-que-durante-la-semana-santa-se-movilizaran-cerca-de-12-millones-de,,Caquetá,resultado_busqueda,2025-09-08T12:48:24.016897,Consultar,,,Fontur
Fontur entregó al servicio del turismo el sendero Tutunendo en el Chocó,naturaleza,"…  de aves y de tortugas en zonas como, por ejemplo, Bahía Solano , Nuquí y los parques naturales Utría y Los Katíos. …",http://www.fontur.com.co/es/comunicados/fontur-entrego-al-servicio-del-turismo-el-sendero-tutunendo-en-el-choco,,Caquetá,resultado_busqueda,2025-09-08T12:48:24.016897,Consultar,,,Fontur
Exploremos la belleza natural del Chocó,naturaleza,"…  acceder por vía marítima desde Buenaventura o Bahía Solano .   

  Su capital, Quibdó, también cuenta con …",http://www.fontur.com.co/es/comunicados/exploremos-la-belleza-natural-del-choco,,Caquetá,resultado_busqueda,2025-09-08T12:48:24.016897,Consultar,,,Fontur
Barichara se viste de gastronomía,restaurante,"…  Atuesta Neira, Mery Martínez, de Barrancabermeja, Óscar Solano , de Zapatoca, y el Máster en cocina Carlos …",http://www.fontur.com.co/es/comunicados/barichara-se-viste-de-gastronomia,,Caquetá,resultado_busqueda,2025-09-08T12:48:24.017898,Consultar,,,Fontur
Primera páginafirst,informacion_turistica,Información turística disponible en Fontur,https://www.fontur.com.co?keys=solano&page=0%2C0%2C0%2C0%2C0%2C0%2C0%2C0%2C0,,Caquetá,resultado_busqueda,2025-09-08T12:48:24.017898,Consultar,,,Fontur
Página actual2,informacion_turistica,Información turística disponible en Fontur,https://www.fontur.com.co?keys=solano&page=1%2C0%2C0%2C0%2C0%2C0%2C0%2C0%2C0,,Caquetá,resultado_busqueda,2025-09-08T12:48:24.019896,Consultar,,,Fontur
Page3,informacion_turistica,Información turística disponible en Fontur,https://www.fontur.com.co?keys=solano&page=2%2C0%2C0%2C0%2C0%2C0%2C0%2C0%2C0,,Caquetá,resultado_busqueda,2025-09-08T12:48:24.020897,Consultar,,,Fontur
Histórico: llega por primera vez un crucero a La Guajira,informacion_turistica,"…  destacando el aumento de la actividad de cruceros en Bahía Solano , Coveñas, Leticia, Gorgona, Utría y Urabá. Estos …",http://www.fontur.com.co/es/comunicados/historico-llega-por-primera-vez-un-crucero-la-guajira,,Caquetá,resultado_busqueda,2025-09-08T12:48:26.403550,Consultar,,,Fontur
Primera páginafirst,informacion_turistica,Información turística disponible en Fontur,https://www.fontur.com.co?keys=solano&page=0%2C0,,Caquetá,resultado_busqueda,2025-09-08T12:48:26.404550,Consultar,,,Fontur
Página anteriorprevious,informacion_turistica,Información turística disponible en Fontur,https://www.fontur.com.co?keys=solano&page=1%2C0,,Caquetá,resultado_busqueda,2025-09-08T12:48:26.404550,Consultar,,,Fontur
Página actual3,informacion_turistica,Información turística disponible en Fontur,https://www.fontur.com.co?keys=solano&page=2%2C0,,Caquetá,resultado_busqueda,2025-09-08T12:48:26.406550,Consultar,,,Fontur
Página actual1,informacion_turistica,Información turística disponible en Fontur,https://www.fontur.com.co?keys=Florencia&page=0%2C0%2C0%2C0%2C0%2C0%2C0,,Caquetá,resultado_busqueda,2025-09-08T12:49:53.296579,Consultar,,,Fontur
Page2,informacion_turistica,Información turística disponible en Fontur,https://www.fontur.com.co?keys=Florencia&page=1%2C0%2C0%2C0%2C0%2C0%2C0,,Caquetá,resultado_busqueda,2025-09-08T12:49:53.297581,Consultar,,,Fontur
San Vicente del Caguán: remando para reescribir su historia,informacion_turistica,"San Vicente del Caguán : remando para reescribir su historia  

        
    …",http://www.fontur.com.co/es/comunicados/san-vicente-del-caguan-remando-para-reescribir-su-historia,,Caquetá,resultado_busqueda,2025-09-08T13:04:01.415237,Consultar,,,Fontur
"Mogotes, un paraíso ecoturístico, colonial y natural de Santander",naturaleza,"Mogotes, un paraíso ecoturístico, colonial y natural de Santander  

        
                    

  
           …  destino turístico de cultura y naturaleza”, asciende a los $120 millones y tiene como objetivo promocionar al …  a buscar su alimento, mientras la golondrina entra a la cueva a buscar",http://www.fontur.com.co/es/comunicados/mogotes-un-paraiso-ecoturistico-colonial-y-natural-de-santander,,Caquetá,resultado_busqueda,2025-09-08T13:05:52.826038,Consultar,,,Fontur
Página actual1,informacion_turistica,Información turística disponible en Fontur,https://www.fontur.com.co?keys=Solano&page=0%2C0%2C0%2C0%2C0%2C0,,Caquetá,resultado_busqueda,2025-09-08T13:14:48.669735,Consultar,,,Fontur
Page2,informacion_turistica,Información turística disponible en Fontur,https://www.fontur.com.co?keys=Solano&page=1%2C0%2C0%2C0%2C0%2C0,,Caquetá,resultado_busqueda,2025-09-08T13:14:48.670734,Consultar,,,Fontur
Page3,informacion_turistica,Información turística disponible en Fontur,https://www.fontur.com.co?keys=Solano&page=2%2C0%2C0%2C0%2C0%2C0,,Caquetá,resultado_busqueda,2025-09-08T13:14:48.670734,Consultar,,,Fontur
Primera páginafirst,informacion_turistica,Información turística disponible en Fontur,https://www.fontur.com.co?keys=Solano&page=0%2C0%2C0%2C0%2C0%2C0%2C0%2C0%2C0,,Caquetá,resultado_busqueda,2025-09-08T13:14:51.434497,Consultar,,,Fontur
Página actual2,informacion_turistica,Información turística disponible en Fontur,https://www.fontur.com.co?keys=Solano&page=1%2C0%2C0%2C0%2C0%2C0%2C0%2C0%2C0,,Caquetá,resultado_busqueda,2025-09-08T13:14:51.436494,Consultar,,,Fontur
Page3,informacion_turistica,Información turística disponible en Fontur,https://www.fontur.com.co?keys=Solano&page=2%2C0%2C0%2C0%2C0%2C0%2C0%2C0%2C0,,Caquetá,resultado_busqueda,2025-09-08T13:14:51.436494,Consultar,,,Fontur
Primera páginafirst,informacion_turistica,Información turística disponible en Fontur,https://www.fontur.com.co?keys=Solano&page=0%2C0,,Caquetá,resultado_busqueda,2025-09-08T13:14:54.088095,Consultar,,,Fontur
Página anteriorprevious,informacion_turistica,Información turística disponible en Fontur,https://www.fontur.com.co?keys=Solano&page=1%2C0,,Caquetá,resultado_busqueda,2025-09-08T13:14:54.088095,Consultar,,,Fontur
Página actual3,informacion_turistica,Información turística disponible en Fontur,https://www.fontur.com.co?keys=Solano&page=2%2C0,,Caquetá,resultado_busqueda,2025-09-08T13:14:54.090095,Consultar,,,Fontur
"San Vicente del Caguán: remando para reescribir su historiaSi usted tiene más de 18 años en Colombia, es probable que alguna vez haya escuchado hablar del Caguán: la polémica “zona de distensión”, las negociaciones con la guerrilla de las FARC y la famosa “silla vacía”. San Vicente del Caguán, un mu",naturaleza,Información turística disponible en Fontur,https://www.fontur.com.co/es/comunicaciones/articulos-de-interes?blogPost=san-vicente-del-caguan-remando-para-reescribir-su-historia,"https://elfsight.com/cdn-cgi/image/height=920,width=920/https://files.elfsightcdn.com/eafe4a4d-3436-495d-b748-5bdce62d911d/63ff9d7a-b48d-4505-a715-62a9507151d9/WhatsApp-Image-2025-01-14-at-11-38-16-AM-5-.jpg",Caquetá,resultado_busqueda,2025-09-08T13:41:03.343243,Consultar,,,Fontur
Florencia,informacion_turistica,Información turística disponible en Fontur,https://www.fontur.com.co/es/florencia,,Caquetá,resultado_busqueda,2025-09-08T13:41:20.191042,Consultar,,,Fontur
Caquetá,informacion_turistica,Información turística disponible en Fontur,https://www.fontur.com.co/es/caqueta,,Caquetá,resultado_busqueda,2025-09-08T13:48:41.777189,Consultar,,,Fontur
Suscribirse a Florencia,informacion_turistica,Información turística disponible en Fontur,http://www.fontur.com.co/es/taxonomy/term/95/feed,,Caquetá,resultado_busqueda,2025-09-08T13:48:41.779192,Consultar,,,Fontur
Suscribirse a Caquetá,informacion_turistica,Información turística disponible en Fontur,http://www.fontur.com.co/es/taxonomy/term/94/feed,,Caquetá,resultado_busqueda,2025-09-08T13:48:47.061014,Consultar,,,Fontur
